District,Date,PCPO,OLP,NDP,GPO
Markham Unionville,2022-05-01,55%,31%,7%,5%
Markham Unionville,2022-09-01,57%,29%,8%,2%
Markham Unionville,2023-01-01,54%,28%,11%,2%
Markham Unionville,2023-05-01,55%,28%,11%,2%
Markham Unionville,2023-09-01,55%,28%,11%,2%
Markham Unionville,2024-01-01,55%,28%,11%,2%
Markham Unionville,2024-05-01,55%,28%,11%,2%
Markham Unionville,2024-09-01,54%,28%,11%,2%
Markham Unionville,2025-01-01,54%,29%,11%,2%
Markham Unionville,2025-05-01,54%,29%,11%,2%
Markham Unionville,2022-04-30,55%,28%,11%,2%
Markham Unionville,2022-04-30,55%,28%,11%,2%
Markham Unionville,2022-05-03,55%,28%,10%,2%
Markham Unionville,2022-05-03,56%,28%,11%,2%
Markham Unionville,2022-05-04,56%,28%,11%,2%
Markham Unionville,2022-05-04,55%,28%,11%,2%
Markham Unionville,2022-05-05,53%,33%,10%,2%
Markham Unionville,2022-05-05,53%,32%,10%,2%
Markham Unionville,2022-05-06,53%,32%,10%,2%
Markham Unionville,2022-05-06,52%,31%,12%,3%
Markham Unionville,2022-05-07,52%,31%,12%,3%
Markham Unionville,2022-05-07,51%,31%,12%,3%
Markham Unionville,2022-05-08,52%,31%,11%,3%
Markham Unionville,2022-05-08,52%,31%,11%,3%
Markham Unionville,2022-05-09,52%,31%,11%,3%
Markham Unionville,2022-05-09,52%,31%,11%,3%
Markham Unionville,2022-05-10,52%,30%,12%,3%
Markham Unionville,2022-05-10,54%,29%,11%,2%
Markham Unionville,2022-05-11,54%,29%,11%,2%
Markham Unionville,2022-05-11,54%,29%,11%,2%
Markham Unionville,2022-05-12,55%,29%,10%,2%
Markham Unionville,2022-05-12,59%,26%,10%,2%
Markham Unionville,2022-05-13,56%,30%,7%,4%
Markham Unionville,2022-05-13,56%,30%,7%,4%
Markham Unionville,2022-05-14,55%,31%,7%,4%
Markham Unionville,2022-05-14,54%,32%,7%,4%
Markham Unionville,2022-05-15,55%,32%,7%,4%
Markham Unionville,2022-05-15,55%,31%,7%,4%
Markham Unionville,2022-05-16,50%,32%,8%,6%
Markham Unionville,2022-05-16,51%,32%,8%,5%
Markham Unionville,2022-05-17,51%,32%,8%,5%
Markham Unionville,2022-05-17,52%,32%,8%,5%
Markham Unionville,2022-05-18,49%,34%,8%,5%
Markham Unionville,2022-05-18,52%,32%,8%,5%
Markham Unionville,2022-05-19,54%,30%,8%,5%
Markham Unionville,2022-05-19,53%,33%,8%,5%
Markham Unionville,2022-05-20,52%,33%,8%,5%
Markham Unionville,2022-05-20,50%,36%,7%,5%
Markham Unionville,2022-05-21,52%,34%,7%,5%
Markham Unionville,2022-05-21,53%,33%,7%,5%
Markham Unionville,2022-05-22,53%,32%,7%,5%
Markham Unionville,2022-05-22,55%,31%,7%,5%
Markham Unionville,2022-05-23,56%,30%,7%,5%
Markham Unionville,2022-05-23,55%,31%,7%,5%
Oshawa,2022-05-01,41%,10%,39%,5%
Oshawa,2022-09-01,43%,14%,31%,5%
Oshawa,2023-01-01,42%,14%,32%,5%
Oshawa,2023-05-01,43%,14%,31%,5%
Oshawa,2023-09-01,44%,14%,30%,5%
Oshawa,2024-01-01,42%,11%,35%,5%
Oshawa,2024-05-01,42%,11%,36%,5%
Oshawa,2024-09-01,42%,11%,35%,5%
Oshawa,2025-01-01,42%,12%,35%,5%
Oshawa,2025-05-01,42%,12%,35%,5%
Oshawa,2022-04-30,43%,11%,34%,5%
Oshawa,2022-04-30,43%,11%,34%,5%
Oshawa,2022-05-03,43%,11%,34%,5%
Oshawa,2022-05-03,45%,12%,35%,5%
Oshawa,2022-05-04,45%,12%,35%,5%
Oshawa,2022-05-04,44%,12%,35%,5%
Oshawa,2022-05-05,44%,15%,33%,5%
Oshawa,2022-05-05,44%,15%,33%,5%
Oshawa,2022-05-06,43%,14%,32%,7%
Oshawa,2022-05-06,42%,14%,33%,7%
Oshawa,2022-05-07,42%,14%,33%,7%
Oshawa,2022-05-07,42%,14%,33%,8%
Oshawa,2022-05-08,40%,14%,34%,8%
Oshawa,2022-05-08,40%,14%,34%,8%
Oshawa,2022-05-09,40%,14%,34%,7%
Oshawa,2022-05-09,40%,14%,34%,8%
Oshawa,2022-05-10,39%,14%,36%,7%
Oshawa,2022-05-10,40%,14%,35%,7%
Oshawa,2022-05-11,40%,14%,35%,7%
Oshawa,2022-05-11,40%,14%,35%,7%
Oshawa,2022-05-12,40%,14%,35%,7%
Oshawa,2022-05-12,41%,13%,34%,7%
Oshawa,2022-05-13,40%,9%,42%,4%
Oshawa,2022-05-13,40%,9%,43%,4%
Oshawa,2022-05-14,41%,10%,40%,5%
Oshawa,2022-05-14,41%,10%,40%,5%
Oshawa,2022-05-15,41%,10%,40%,5%
Oshawa,2022-05-15,40%,9%,41%,5%
Oshawa,2022-05-16,36%,9%,43%,6%
Oshawa,2022-05-16,36%,10%,43%,6%
Oshawa,2022-05-17,37%,9%,43%,6%
Oshawa,2022-05-17,38%,9%,42%,6%
Oshawa,2022-05-18,35%,10%,44%,6%
Oshawa,2022-05-18,37%,9%,43%,5%
Oshawa,2022-05-19,40%,9%,42%,5%
Oshawa,2022-05-19,39%,10%,42%,5%
Oshawa,2022-05-20,39%,10%,42%,5%
Oshawa,2022-05-20,38%,12%,42%,5%
Oshawa,2022-05-21,40%,11%,40%,5%
Oshawa,2022-05-21,40%,11%,41%,5%
Oshawa,2022-05-22,40%,11%,40%,5%
Oshawa,2022-05-22,41%,10%,40%,5%
Oshawa,2022-05-23,43%,10%,38%,5%
Oshawa,2022-05-23,41%,10%,39%,5%
Eglinton Lawrence,2022-05-01,42%,42%,8%,5%
Eglinton Lawrence,2022-09-01,37%,43%,14%,2%
Eglinton Lawrence,2023-01-01,36%,43%,14%,2%
Eglinton Lawrence,2023-05-01,38%,42%,14%,2%
Eglinton Lawrence,2023-09-01,38%,42%,14%,2%
Eglinton Lawrence,2024-01-01,38%,42%,14%,2%
Eglinton Lawrence,2024-05-01,38%,42%,14%,2%
Eglinton Lawrence,2024-09-01,38%,42%,14%,2%
Eglinton Lawrence,2025-01-01,38%,43%,14%,2%
Eglinton Lawrence,2025-05-01,38%,42%,14%,2%
Eglinton Lawrence,2022-04-30,39%,41%,14%,2%
Eglinton Lawrence,2022-04-30,39%,41%,14%,2%
Eglinton Lawrence,2022-05-03,39%,41%,13%,2%
Eglinton Lawrence,2022-05-03,39%,41%,13%,2%
Eglinton Lawrence,2022-05-04,39%,40%,13%,2%
Eglinton Lawrence,2022-05-04,38%,41%,13%,2%
Eglinton Lawrence,2022-05-05,38%,42%,13%,2%
Eglinton Lawrence,2022-05-05,38%,42%,12%,2%
Eglinton Lawrence,2022-05-06,38%,41%,12%,2%
Eglinton Lawrence,2022-05-06,38%,41%,13%,2%
Eglinton Lawrence,2022-05-07,38%,41%,13%,2%
Eglinton Lawrence,2022-05-07,38%,41%,13%,2%
Eglinton Lawrence,2022-05-08,38%,41%,13%,2%
Eglinton Lawrence,2022-05-08,38%,41%,13%,2%
Eglinton Lawrence,2022-05-09,38%,40%,13%,2%
Eglinton Lawrence,2022-05-09,38%,40%,13%,2%
Eglinton Lawrence,2022-05-10,38%,40%,13%,2%
Eglinton Lawrence,2022-05-10,39%,40%,12%,2%
Eglinton Lawrence,2022-05-11,39%,40%,12%,2%
Eglinton Lawrence,2022-05-11,39%,40%,12%,2%
Eglinton Lawrence,2022-05-12,39%,40%,12%,2%
Eglinton Lawrence,2022-05-12,39%,40%,12%,2%
Eglinton Lawrence,2022-05-13,43%,41%,10%,4%
Eglinton Lawrence,2022-05-13,42%,41%,10%,4%
Eglinton Lawrence,2022-05-14,42%,42%,9%,4%
Eglinton Lawrence,2022-05-14,41%,42%,9%,4%
Eglinton Lawrence,2022-05-15,41%,42%,9%,4%
Eglinton Lawrence,2022-05-15,42%,42%,9%,4%
Eglinton Lawrence,2022-05-16,38%,42%,10%,6%
Eglinton Lawrence,2022-05-16,38%,42%,10%,6%
Eglinton Lawrence,2022-05-17,39%,42%,10%,5%
Eglinton Lawrence,2022-05-17,40%,42%,10%,5%
Eglinton Lawrence,2022-05-18,37%,44%,10%,5%
Eglinton Lawrence,2022-05-18,39%,42%,10%,5%
Eglinton Lawrence,2022-05-19,42%,40%,10%,5%
Eglinton Lawrence,2022-05-19,40%,43%,10%,5%
Eglinton Lawrence,2022-05-20,40%,43%,9%,5%
Eglinton Lawrence,2022-05-20,35%,49%,9%,5%
Eglinton Lawrence,2022-05-21,39%,46%,8%,5%
Eglinton Lawrence,2022-05-21,40%,44%,9%,5%
Eglinton Lawrence,2022-05-22,41%,43%,9%,5%
Eglinton Lawrence,2022-05-22,42%,42%,9%,5%
Eglinton Lawrence,2022-05-23,43%,41%,8%,5%
Eglinton Lawrence,2022-05-23,42%,42%,8%,5%
Toronto Danforth,2022-05-01,14%,25%,50%,8%
Toronto Danforth,2022-09-01,15%,22%,52%,6%
Toronto Danforth,2023-01-01,14%,21%,52%,6%
Toronto Danforth,2023-05-01,15%,22%,51%,6%
Toronto Danforth,2023-09-01,15%,22%,51%,6%
Toronto Danforth,2024-01-01,15%,22%,51%,6%
Toronto Danforth,2024-05-01,15%,22%,51%,6%
Toronto Danforth,2024-09-01,14%,22%,52%,6%
Toronto Danforth,2025-01-01,15%,22%,51%,6%
Toronto Danforth,2025-05-01,14%,23%,51%,6%
Toronto Danforth,2022-04-30,15%,22%,51%,6%
Toronto Danforth,2022-04-30,15%,22%,51%,6%
Toronto Danforth,2022-05-03,15%,22%,51%,6%
Toronto Danforth,2022-05-03,15%,22%,50%,6%
Toronto Danforth,2022-05-04,15%,22%,50%,6%
Toronto Danforth,2022-05-04,15%,22%,50%,6%
Toronto Danforth,2022-05-05,14%,27%,46%,6%
Toronto Danforth,2022-05-05,14%,27%,45%,6%
Toronto Danforth,2022-05-06,14%,26%,45%,8%
Toronto Danforth,2022-05-06,14%,26%,45%,9%
Toronto Danforth,2022-05-07,14%,26%,45%,9%
Toronto Danforth,2022-05-07,14%,26%,45%,9%
Toronto Danforth,2022-05-08,14%,26%,45%,9%
Toronto Danforth,2022-05-08,14%,26%,45%,9%
Toronto Danforth,2022-05-09,14%,26%,44%,9%
Toronto Danforth,2022-05-09,14%,26%,44%,9%
Toronto Danforth,2022-05-10,15%,25%,44%,9%
Toronto Danforth,2022-05-10,15%,26%,43%,9%
Toronto Danforth,2022-05-11,15%,26%,43%,9%
Toronto Danforth,2022-05-11,15%,25%,45%,8%
Toronto Danforth,2022-05-12,15%,25%,45%,8%
Toronto Danforth,2022-05-12,16%,25%,44%,8%
Toronto Danforth,2022-05-13,13%,22%,55%,6%
Toronto Danforth,2022-05-13,13%,22%,56%,6%
Toronto Danforth,2022-05-14,14%,24%,53%,7%
Toronto Danforth,2022-05-14,13%,24%,52%,7%
Toronto Danforth,2022-05-15,14%,24%,53%,7%
Toronto Danforth,2022-05-15,13%,23%,54%,7%
Toronto Danforth,2022-05-16,11%,22%,55%,9%
Toronto Danforth,2022-05-16,11%,23%,55%,9%
Toronto Danforth,2022-05-17,12%,23%,55%,8%
Toronto Danforth,2022-05-17,12%,23%,54%,8%
Toronto Danforth,2022-05-18,11%,23%,55%,8%
Toronto Danforth,2022-05-18,12%,23%,55%,8%
Toronto Danforth,2022-05-19,13%,22%,55%,8%
Toronto Danforth,2022-05-19,12%,24%,54%,8%
Toronto Danforth,2022-05-20,12%,25%,53%,8%
Toronto Danforth,2022-05-20,11%,28%,51%,8%
Toronto Danforth,2022-05-21,13%,27%,49%,8%
Toronto Danforth,2022-05-21,13%,26%,51%,8%
Toronto Danforth,2022-05-22,13%,26%,51%,8%
Toronto Danforth,2022-05-22,13%,25%,51%,8%
Toronto Danforth,2022-05-23,14%,25%,50%,8%
Toronto Danforth,2022-05-23,14%,25%,50%,8%
Parry Sound Muskoka,2022-05-01,44%,9%,6%,39%
Parry Sound Muskoka,2022-09-01,46%,15%,12%,20%
Parry Sound Muskoka,2023-01-01,45%,15%,15%,20%
Parry Sound Muskoka,2023-05-01,45%,15%,15%,20%
Parry Sound Muskoka,2023-09-01,45%,15%,15%,20%
Parry Sound Muskoka,2024-01-01,45%,15%,15%,20%
Parry Sound Muskoka,2024-05-01,45%,15%,15%,20%
Parry Sound Muskoka,2024-09-01,44%,15%,15%,20%
Parry Sound Muskoka,2025-01-01,44%,15%,15%,20%
Parry Sound Muskoka,2025-05-01,44%,16%,15%,20%
Parry Sound Muskoka,2022-04-30,45%,15%,15%,20%
Parry Sound Muskoka,2022-04-30,45%,15%,15%,20%
Parry Sound Muskoka,2022-05-03,45%,15%,15%,20%
Parry Sound Muskoka,2022-05-03,46%,0%,24%,24%
Parry Sound Muskoka,2022-05-04,47%,0%,24%,23%
Parry Sound Muskoka,2022-05-04,46%,0%,24%,23%
Parry Sound Muskoka,2022-05-05,45%,0%,20%,29%
Parry Sound Muskoka,2022-05-05,44%,0%,20%,29%
Parry Sound Muskoka,2022-05-06,41%,0%,19%,33%
Parry Sound Muskoka,2022-05-06,40%,0%,19%,34%
Parry Sound Muskoka,2022-05-07,38%,0%,18%,37%
Parry Sound Muskoka,2022-05-07,39%,0%,18%,37%
Parry Sound Muskoka,2022-05-08,40%,0%,18%,36%
Parry Sound Muskoka,2022-05-08,40%,0%,18%,36%
Parry Sound Muskoka,2022-05-09,38%,0%,15%,39%
Parry Sound Muskoka,2022-05-09,38%,0%,14%,39%
Parry Sound Muskoka,2022-05-10,38%,0%,15%,38%
Parry Sound Muskoka,2022-05-10,39%,0%,14%,38%
Parry Sound Muskoka,2022-05-11,39%,0%,14%,38%
Parry Sound Muskoka,2022-05-11,40%,0%,14%,38%
Parry Sound Muskoka,2022-05-12,40%,0%,14%,38%
Parry Sound Muskoka,2022-05-12,43%,0%,12%,39%
Parry Sound Muskoka,2022-05-13,45%,0%,8%,41%
Parry Sound Muskoka,2022-05-13,45%,0%,8%,41%
Parry Sound Muskoka,2022-05-14,43%,0%,7%,44%
Parry Sound Muskoka,2022-05-14,43%,6%,7%,40%
Parry Sound Muskoka,2022-05-15,44%,6%,7%,40%
Parry Sound Muskoka,2022-05-15,44%,6%,7%,40%
Parry Sound Muskoka,2022-05-16,40%,6%,8%,43%
Parry Sound Muskoka,2022-05-16,41%,6%,8%,41%
Parry Sound Muskoka,2022-05-17,42%,6%,8%,40%
Parry Sound Muskoka,2022-05-17,43%,6%,8%,40%
Parry Sound Muskoka,2022-05-18,41%,6%,8%,41%
Parry Sound Muskoka,2022-05-18,43%,6%,8%,39%
Parry Sound Muskoka,2022-05-19,45%,6%,6%,42%
Parry Sound Muskoka,2022-05-19,45%,6%,6%,41%
Parry Sound Muskoka,2022-05-20,45%,6%,6%,40%
Parry Sound Muskoka,2022-05-20,40%,12%,5%,42%
Parry Sound Muskoka,2022-05-21,41%,10%,6%,41%
Parry Sound Muskoka,2022-05-21,42%,10%,6%,40%
Parry Sound Muskoka,2022-05-22,43%,9%,6%,40%
Parry Sound Muskoka,2022-05-22,43%,9%,6%,40%
Parry Sound Muskoka,2022-05-23,45%,9%,5%,39%
Parry Sound Muskoka,2022-05-23,44%,9%,6%,39%
Don Valley North,2022-05-01,47%,38%,9%,5%
Don Valley North,2022-09-01,40%,39%,14%,2%
Don Valley North,2023-01-01,40%,39%,15%,2%
Don Valley North,2023-05-01,40%,39%,14%,2%
Don Valley North,2023-09-01,40%,39%,14%,2%
Don Valley North,2024-01-01,40%,39%,14%,2%
Don Valley North,2024-05-01,40%,39%,14%,2%
Don Valley North,2024-09-01,39%,40%,14%,2%
Don Valley North,2025-01-01,39%,40%,14%,2%
Don Valley North,2025-05-01,39%,41%,14%,2%
Don Valley North,2022-04-30,40%,39%,14%,2%
Don Valley North,2022-04-30,40%,39%,14%,2%
Don Valley North,2022-05-03,41%,39%,14%,2%
Don Valley North,2022-05-03,42%,40%,14%,2%
Don Valley North,2022-05-04,42%,39%,14%,2%
Don Valley North,2022-05-04,41%,40%,14%,2%
Don Valley North,2022-05-05,41%,42%,13%,2%
Don Valley North,2022-05-05,41%,41%,13%,2%
Don Valley North,2022-05-06,41%,41%,13%,3%
Don Valley North,2022-05-06,40%,40%,15%,3%
Don Valley North,2022-05-07,40%,40%,15%,3%
Don Valley North,2022-05-07,40%,40%,15%,3%
Don Valley North,2022-05-08,41%,40%,14%,3%
Don Valley North,2022-05-08,40%,40%,14%,3%
Don Valley North,2022-05-09,40%,40%,14%,3%
Don Valley North,2022-05-09,40%,40%,14%,3%
Don Valley North,2022-05-10,40%,39%,15%,3%
Don Valley North,2022-05-10,41%,39%,14%,3%
Don Valley North,2022-05-11,41%,39%,14%,3%
Don Valley North,2022-05-11,41%,39%,14%,3%
Don Valley North,2022-05-12,41%,39%,14%,3%
Don Valley North,2022-05-12,43%,38%,14%,3%
Don Valley North,2022-05-13,47%,37%,10%,4%
Don Valley North,2022-05-13,47%,37%,10%,4%
Don Valley North,2022-05-14,47%,38%,9%,4%
Don Valley North,2022-05-14,46%,38%,9%,4%
Don Valley North,2022-05-15,46%,38%,9%,4%
Don Valley North,2022-05-15,47%,38%,9%,4%
Don Valley North,2022-05-16,43%,38%,11%,6%
Don Valley North,2022-05-16,43%,38%,11%,5%
Don Valley North,2022-05-17,44%,38%,10%,5%
Don Valley North,2022-05-17,44%,38%,10%,5%
Don Valley North,2022-05-18,42%,40%,11%,5%
Don Valley North,2022-05-18,44%,38%,11%,5%
Don Valley North,2022-05-19,47%,36%,10%,5%
Don Valley North,2022-05-19,45%,39%,10%,5%
Don Valley North,2022-05-20,45%,39%,10%,5%
Don Valley North,2022-05-20,40%,45%,9%,4%
Don Valley North,2022-05-21,43%,42%,8%,5%
Don Valley North,2022-05-21,44%,41%,9%,4%
Don Valley North,2022-05-22,45%,40%,9%,5%
Don Valley North,2022-05-22,46%,38%,9%,5%
Don Valley North,2022-05-23,48%,37%,8%,5%
Don Valley North,2022-05-23,47%,38%,9%,5%
London North Centre,2022-05-01,31%,24%,33%,7%
London North Centre,2022-09-01,32%,26%,30%,6%
London North Centre,2023-01-01,31%,24%,32%,6%
London North Centre,2023-05-01,31%,24%,32%,6%
London North Centre,2023-09-01,31%,24%,32%,6%
London North Centre,2024-01-01,31%,25%,32%,6%
London North Centre,2024-05-01,31%,25%,32%,6%
London North Centre,2024-09-01,31%,25%,32%,6%
London North Centre,2025-01-01,31%,26%,32%,6%
London North Centre,2025-05-01,30%,26%,32%,6%
London North Centre,2022-04-30,31%,25%,32%,6%
London North Centre,2022-04-30,31%,25%,32%,6%
London North Centre,2022-05-03,32%,25%,31%,6%
London North Centre,2022-05-03,31%,25%,31%,6%
London North Centre,2022-05-04,31%,24%,32%,6%
London North Centre,2022-05-04,31%,25%,32%,6%
London North Centre,2022-05-05,31%,24%,32%,6%
London North Centre,2022-05-05,31%,24%,32%,6%
London North Centre,2022-05-06,31%,23%,31%,8%
London North Centre,2022-05-06,30%,23%,32%,8%
London North Centre,2022-05-07,30%,22%,32%,8%
London North Centre,2022-05-07,30%,23%,32%,8%
London North Centre,2022-05-08,30%,22%,32%,8%
London North Centre,2022-05-08,30%,23%,32%,8%
London North Centre,2022-05-09,30%,24%,31%,8%
London North Centre,2022-05-09,30%,23%,31%,8%
London North Centre,2022-05-10,30%,23%,31%,8%
London North Centre,2022-05-10,31%,23%,31%,8%
London North Centre,2022-05-11,31%,23%,31%,8%
London North Centre,2022-05-11,31%,23%,31%,8%
London North Centre,2022-05-12,31%,23%,31%,8%
London North Centre,2022-05-12,31%,23%,31%,8%
London North Centre,2022-05-13,30%,21%,39%,5%
London North Centre,2022-05-13,30%,21%,40%,5%
London North Centre,2022-05-14,30%,22%,37%,6%
London North Centre,2022-05-14,30%,22%,37%,6%
London North Centre,2022-05-15,30%,22%,37%,5%
London North Centre,2022-05-15,30%,21%,38%,5%
London North Centre,2022-05-16,26%,21%,40%,7%
London North Centre,2022-05-16,27%,21%,40%,7%
London North Centre,2022-05-17,27%,21%,39%,7%
London North Centre,2022-05-17,28%,21%,39%,7%
London North Centre,2022-05-18,26%,22%,40%,7%
London North Centre,2022-05-18,27%,21%,40%,6%
London North Centre,2022-05-19,29%,21%,39%,6%
London North Centre,2022-05-19,29%,22%,39%,6%
London North Centre,2022-05-20,29%,23%,38%,6%
London North Centre,2022-05-20,27%,28%,34%,6%
London North Centre,2022-05-21,29%,27%,33%,7%
London North Centre,2022-05-21,29%,26%,34%,6%
London North Centre,2022-05-22,29%,25%,34%,7%
London North Centre,2022-05-22,30%,24%,34%,7%
London North Centre,2022-05-23,32%,24%,32%,7%
London North Centre,2022-05-23,31%,24%,33%,7%
Mississauga Centre,2022-05-01,43%,38%,11%,4%
Mississauga Centre,2022-09-01,40%,39%,14%,2%
Mississauga Centre,2023-01-01,37%,38%,18%,2%
Mississauga Centre,2023-05-01,37%,37%,18%,2%
Mississauga Centre,2023-09-01,38%,37%,18%,2%
Mississauga Centre,2024-01-01,38%,37%,18%,2%
Mississauga Centre,2024-05-01,37%,37%,19%,2%
Mississauga Centre,2024-09-01,37%,38%,18%,2%
Mississauga Centre,2025-01-01,37%,38%,18%,2%
Mississauga Centre,2025-05-01,38%,38%,18%,2%
Mississauga Centre,2022-04-30,39%,36%,18%,2%
Mississauga Centre,2022-04-30,39%,36%,18%,2%
Mississauga Centre,2022-05-03,39%,36%,17%,2%
Mississauga Centre,2022-05-03,39%,36%,17%,2%
Mississauga Centre,2022-05-04,39%,35%,19%,2%
Mississauga Centre,2022-05-04,38%,36%,19%,2%
Mississauga Centre,2022-05-05,39%,36%,18%,2%
Mississauga Centre,2022-05-05,39%,36%,18%,2%
Mississauga Centre,2022-05-06,39%,35%,18%,3%
Mississauga Centre,2022-05-06,38%,35%,19%,3%
Mississauga Centre,2022-05-07,38%,35%,19%,3%
Mississauga Centre,2022-05-07,38%,35%,19%,3%
Mississauga Centre,2022-05-08,38%,35%,19%,3%
Mississauga Centre,2022-05-08,38%,35%,19%,3%
Mississauga Centre,2022-05-09,38%,34%,18%,3%
Mississauga Centre,2022-05-09,38%,34%,18%,3%
Mississauga Centre,2022-05-10,38%,34%,19%,3%
Mississauga Centre,2022-05-10,39%,34%,18%,3%
Mississauga Centre,2022-05-11,39%,34%,18%,3%
Mississauga Centre,2022-05-11,39%,34%,18%,3%
Mississauga Centre,2022-05-12,37%,36%,18%,3%
Mississauga Centre,2022-05-12,39%,34%,18%,3%
Mississauga Centre,2022-05-13,44%,36%,12%,4%
Mississauga Centre,2022-05-13,43%,36%,13%,4%
Mississauga Centre,2022-05-14,43%,37%,11%,4%
Mississauga Centre,2022-05-14,42%,38%,11%,4%
Mississauga Centre,2022-05-15,42%,38%,11%,4%
Mississauga Centre,2022-05-15,43%,37%,12%,4%
Mississauga Centre,2022-05-16,39%,38%,13%,5%
Mississauga Centre,2022-05-16,39%,38%,13%,5%
Mississauga Centre,2022-05-17,40%,38%,13%,5%
Mississauga Centre,2022-05-17,41%,37%,13%,5%
Mississauga Centre,2022-05-18,38%,39%,13%,5%
Mississauga Centre,2022-05-18,40%,37%,13%,5%
Mississauga Centre,2022-05-19,43%,36%,13%,5%
Mississauga Centre,2022-05-19,38%,41%,12%,5%
Mississauga Centre,2022-05-20,38%,42%,12%,4%
Mississauga Centre,2022-05-20,36%,44%,12%,4%
Mississauga Centre,2022-05-21,40%,41%,11%,4%
Mississauga Centre,2022-05-21,40%,40%,12%,4%
Mississauga Centre,2022-05-22,41%,39%,11%,4%
Mississauga Centre,2022-05-22,42%,38%,12%,4%
Mississauga Centre,2022-05-23,44%,37%,11%,4%
Mississauga Centre,2022-05-23,43%,38%,11%,4%
Kitchener Centre,2022-05-01,25%,10%,18%,45%
Kitchener Centre,2022-09-01,28%,32%,26%,8%
Kitchener Centre,2023-01-01,27%,29%,30%,8%
Kitchener Centre,2023-05-01,27%,29%,30%,8%
Kitchener Centre,2023-09-01,27%,29%,29%,8%
Kitchener Centre,2024-01-01,27%,30%,29%,8%
Kitchener Centre,2024-05-01,27%,30%,29%,8%
Kitchener Centre,2024-09-01,27%,30%,30%,8%
Kitchener Centre,2025-01-01,27%,31%,29%,8%
Kitchener Centre,2025-05-01,27%,30%,29%,8%
Kitchener Centre,2022-04-30,28%,29%,29%,8%
Kitchener Centre,2022-04-30,28%,29%,29%,8%
Kitchener Centre,2022-05-03,28%,29%,29%,8%
Kitchener Centre,2022-05-03,29%,30%,30%,8%
Kitchener Centre,2022-05-04,29%,30%,30%,8%
Kitchener Centre,2022-05-04,29%,31%,30%,8%
Kitchener Centre,2022-05-05,29%,30%,30%,9%
Kitchener Centre,2022-05-05,29%,29%,30%,9%
Kitchener Centre,2022-05-06,29%,28%,29%,11%
Kitchener Centre,2022-05-06,28%,28%,29%,12%
Kitchener Centre,2022-05-07,28%,28%,30%,12%
Kitchener Centre,2022-05-07,28%,28%,30%,12%
Kitchener Centre,2022-05-08,28%,28%,29%,12%
Kitchener Centre,2022-05-08,28%,28%,29%,12%
Kitchener Centre,2022-05-09,28%,28%,29%,12%
Kitchener Centre,2022-05-09,28%,28%,29%,12%
Kitchener Centre,2022-05-10,29%,25%,30%,12%
Kitchener Centre,2022-05-10,30%,25%,30%,12%
Kitchener Centre,2022-05-11,30%,25%,30%,12%
Kitchener Centre,2022-05-11,30%,25%,30%,12%
Kitchener Centre,2022-05-12,30%,25%,30%,12%
Kitchener Centre,2022-05-12,30%,25%,30%,12%
Kitchener Centre,2022-05-13,27%,15%,41%,13%
Kitchener Centre,2022-05-13,26%,15%,41%,13%
Kitchener Centre,2022-05-14,26%,15%,38%,15%
Kitchener Centre,2022-05-14,26%,16%,38%,15%
Kitchener Centre,2022-05-15,26%,16%,38%,14%
Kitchener Centre,2022-05-15,26%,15%,39%,14%
Kitchener Centre,2022-05-16,23%,15%,40%,17%
Kitchener Centre,2022-05-16,23%,15%,41%,16%
Kitchener Centre,2022-05-17,24%,15%,40%,15%
Kitchener Centre,2022-05-17,24%,15%,40%,15%
Kitchener Centre,2022-05-18,23%,16%,41%,15%
Kitchener Centre,2022-05-18,24%,15%,41%,15%
Kitchener Centre,2022-05-19,17%,10%,25%,47%
Kitchener Centre,2022-05-19,17%,11%,24%,47%
Kitchener Centre,2022-05-20,17%,11%,24%,46%
Kitchener Centre,2022-05-20,16%,13%,22%,48%
Kitchener Centre,2022-05-21,23%,12%,19%,45%
Kitchener Centre,2022-05-21,23%,11%,20%,44%
Kitchener Centre,2022-05-22,25%,11%,19%,44%
Kitchener Centre,2022-05-22,25%,10%,19%,44%
Kitchener Centre,2022-05-23,26%,10%,18%,44%
Kitchener Centre,2022-05-23,25%,10%,18%,45%
Etobicoke Lakeshore,2022-05-01,37%,38%,16%,6%
Etobicoke Lakeshore,2022-09-01,34%,34%,23%,4%
Etobicoke Lakeshore,2023-01-01,34%,34%,23%,4%
Etobicoke Lakeshore,2023-05-01,34%,34%,24%,4%
Etobicoke Lakeshore,2023-09-01,34%,34%,24%,4%
Etobicoke Lakeshore,2024-01-01,34%,34%,24%,4%
Etobicoke Lakeshore,2024-05-01,34%,34%,24%,4%
Etobicoke Lakeshore,2024-09-01,33%,34%,24%,4%
Etobicoke Lakeshore,2025-01-01,33%,34%,24%,4%
Etobicoke Lakeshore,2025-05-01,33%,35%,24%,4%
Etobicoke Lakeshore,2022-04-30,34%,34%,24%,4%
Etobicoke Lakeshore,2022-04-30,34%,34%,24%,4%
Etobicoke Lakeshore,2022-05-03,35%,34%,23%,4%
Etobicoke Lakeshore,2022-05-03,35%,34%,24%,4%
Etobicoke Lakeshore,2022-05-04,35%,33%,24%,4%
Etobicoke Lakeshore,2022-05-04,34%,34%,24%,4%
Etobicoke Lakeshore,2022-05-05,35%,35%,22%,4%
Etobicoke Lakeshore,2022-05-05,35%,35%,22%,4%
Etobicoke Lakeshore,2022-05-06,34%,35%,22%,5%
Etobicoke Lakeshore,2022-05-06,34%,34%,23%,6%
Etobicoke Lakeshore,2022-05-07,34%,34%,23%,6%
Etobicoke Lakeshore,2022-05-07,34%,34%,23%,6%
Etobicoke Lakeshore,2022-05-08,34%,34%,22%,6%
Etobicoke Lakeshore,2022-05-08,34%,34%,22%,6%
Etobicoke Lakeshore,2022-05-09,34%,34%,22%,6%
Etobicoke Lakeshore,2022-05-09,34%,34%,22%,6%
Etobicoke Lakeshore,2022-05-10,34%,34%,22%,6%
Etobicoke Lakeshore,2022-05-10,35%,34%,21%,6%
Etobicoke Lakeshore,2022-05-11,35%,34%,21%,6%
Etobicoke Lakeshore,2022-05-11,35%,34%,21%,6%
Etobicoke Lakeshore,2022-05-12,35%,34%,21%,6%
Etobicoke Lakeshore,2022-05-12,37%,32%,21%,5%
Etobicoke Lakeshore,2022-05-13,37%,36%,18%,5%
Etobicoke Lakeshore,2022-05-13,37%,36%,18%,5%
Etobicoke Lakeshore,2022-05-14,37%,37%,17%,5%
Etobicoke Lakeshore,2022-05-14,36%,37%,16%,5%
Etobicoke Lakeshore,2022-05-15,37%,37%,17%,5%
Etobicoke Lakeshore,2022-05-15,37%,37%,17%,5%
Etobicoke Lakeshore,2022-05-16,33%,37%,19%,7%
Etobicoke Lakeshore,2022-05-16,33%,37%,19%,7%
Etobicoke Lakeshore,2022-05-17,34%,37%,18%,6%
Etobicoke Lakeshore,2022-05-17,35%,37%,18%,6%
Etobicoke Lakeshore,2022-05-18,32%,38%,19%,6%
Etobicoke Lakeshore,2022-05-18,34%,36%,19%,6%
Etobicoke Lakeshore,2022-05-19,37%,35%,18%,6%
Etobicoke Lakeshore,2022-05-19,35%,38%,18%,6%
Etobicoke Lakeshore,2022-05-20,35%,38%,17%,6%
Etobicoke Lakeshore,2022-05-20,31%,43%,16%,6%
Etobicoke Lakeshore,2022-05-21,34%,41%,15%,6%
Etobicoke Lakeshore,2022-05-21,35%,40%,16%,6%
Etobicoke Lakeshore,2022-05-22,36%,39%,16%,6%
Etobicoke Lakeshore,2022-05-22,37%,38%,16%,6%
Etobicoke Lakeshore,2022-05-23,38%,37%,15%,6%
Etobicoke Lakeshore,2022-05-23,37%,38%,16%,6%
Mississauga Erin Mills,2022-05-01,42%,39%,11%,5%
Mississauga Erin Mills,2022-09-01,40%,39%,14%,2%
Mississauga Erin Mills,2023-01-01,38%,37%,18%,2%
Mississauga Erin Mills,2023-05-01,38%,36%,19%,2%
Mississauga Erin Mills,2023-09-01,39%,36%,18%,2%
Mississauga Erin Mills,2024-01-01,39%,36%,19%,2%
Mississauga Erin Mills,2024-05-01,38%,36%,19%,2%
Mississauga Erin Mills,2024-09-01,38%,37%,18%,2%
Mississauga Erin Mills,2025-01-01,38%,37%,18%,2%
Mississauga Erin Mills,2025-05-01,38%,37%,18%,2%
Mississauga Erin Mills,2022-04-30,39%,36%,18%,2%
Mississauga Erin Mills,2022-04-30,39%,36%,18%,2%
Mississauga Erin Mills,2022-05-03,40%,36%,18%,2%
Mississauga Erin Mills,2022-05-03,39%,35%,18%,2%
Mississauga Erin Mills,2022-05-04,39%,34%,19%,2%
Mississauga Erin Mills,2022-05-04,38%,35%,19%,2%
Mississauga Erin Mills,2022-05-05,39%,36%,18%,2%
Mississauga Erin Mills,2022-05-05,39%,35%,18%,2%
Mississauga Erin Mills,2022-05-06,39%,35%,18%,3%
Mississauga Erin Mills,2022-05-06,38%,34%,19%,3%
Mississauga Erin Mills,2022-05-07,38%,34%,19%,3%
Mississauga Erin Mills,2022-05-07,38%,34%,19%,3%
Mississauga Erin Mills,2022-05-08,38%,34%,19%,3%
Mississauga Erin Mills,2022-05-08,38%,34%,19%,3%
Mississauga Erin Mills,2022-05-09,38%,34%,18%,3%
Mississauga Erin Mills,2022-05-09,38%,34%,18%,3%
Mississauga Erin Mills,2022-05-10,38%,33%,19%,3%
Mississauga Erin Mills,2022-05-10,39%,34%,18%,3%
Mississauga Erin Mills,2022-05-11,39%,34%,18%,3%
Mississauga Erin Mills,2022-05-11,39%,34%,18%,3%
Mississauga Erin Mills,2022-05-12,39%,33%,18%,3%
Mississauga Erin Mills,2022-05-12,41%,32%,18%,3%
Mississauga Erin Mills,2022-05-13,42%,37%,12%,4%
Mississauga Erin Mills,2022-05-13,42%,37%,12%,4%
Mississauga Erin Mills,2022-05-14,41%,38%,11%,5%
Mississauga Erin Mills,2022-05-14,41%,39%,11%,5%
Mississauga Erin Mills,2022-05-15,41%,39%,11%,5%
Mississauga Erin Mills,2022-05-15,41%,38%,12%,5%
Mississauga Erin Mills,2022-05-16,38%,39%,13%,7%
Mississauga Erin Mills,2022-05-16,38%,39%,13%,6%
Mississauga Erin Mills,2022-05-17,39%,39%,13%,6%
Mississauga Erin Mills,2022-05-17,39%,38%,12%,6%
Mississauga Erin Mills,2022-05-18,37%,40%,13%,6%
Mississauga Erin Mills,2022-05-18,39%,38%,13%,6%
Mississauga Erin Mills,2022-05-19,42%,37%,12%,6%
Mississauga Erin Mills,2022-05-19,37%,42%,12%,6%
Mississauga Erin Mills,2022-05-20,36%,43%,12%,5%
Mississauga Erin Mills,2022-05-20,35%,45%,12%,5%
Mississauga Erin Mills,2022-05-21,38%,43%,11%,5%
Mississauga Erin Mills,2022-05-21,39%,41%,12%,5%
Mississauga Erin Mills,2022-05-22,40%,40%,11%,5%
Mississauga Erin Mills,2022-05-22,41%,39%,11%,5%
Mississauga Erin Mills,2022-05-23,43%,38%,11%,5%
Mississauga Erin Mills,2022-05-23,42%,39%,11%,5%
Mississauga Lakeshore,2022-05-01,44%,38%,8%,6%
Mississauga Lakeshore,2022-09-01,42%,42%,9%,2%
Mississauga Lakeshore,2023-01-01,40%,41%,12%,2%
Mississauga Lakeshore,2023-05-01,40%,41%,12%,2%
Mississauga Lakeshore,2023-09-01,41%,40%,12%,2%
Mississauga Lakeshore,2024-01-01,41%,41%,12%,2%
Mississauga Lakeshore,2024-05-01,40%,41%,12%,2%
Mississauga Lakeshore,2024-09-01,40%,41%,12%,2%
Mississauga Lakeshore,2025-01-01,40%,42%,12%,2%
Mississauga Lakeshore,2025-05-01,40%,42%,12%,2%
Mississauga Lakeshore,2022-04-30,41%,41%,12%,2%
Mississauga Lakeshore,2022-04-30,41%,41%,12%,2%
Mississauga Lakeshore,2022-05-03,41%,41%,12%,2%
Mississauga Lakeshore,2022-05-03,40%,41%,12%,2%
Mississauga Lakeshore,2022-05-04,41%,40%,13%,2%
Mississauga Lakeshore,2022-05-04,40%,41%,13%,2%
Mississauga Lakeshore,2022-05-05,40%,41%,12%,2%
Mississauga Lakeshore,2022-05-05,40%,41%,12%,2%
Mississauga Lakeshore,2022-05-06,40%,40%,12%,3%
Mississauga Lakeshore,2022-05-06,39%,40%,13%,3%
Mississauga Lakeshore,2022-05-07,39%,40%,13%,3%
Mississauga Lakeshore,2022-05-07,39%,40%,13%,3%
Mississauga Lakeshore,2022-05-08,40%,40%,13%,3%
Mississauga Lakeshore,2022-05-08,40%,40%,13%,3%
Mississauga Lakeshore,2022-05-09,39%,39%,12%,3%
Mississauga Lakeshore,2022-05-09,39%,39%,12%,3%
Mississauga Lakeshore,2022-05-10,39%,39%,13%,3%
Mississauga Lakeshore,2022-05-10,40%,39%,12%,3%
Mississauga Lakeshore,2022-05-11,39%,39%,13%,3%
Mississauga Lakeshore,2022-05-11,39%,39%,13%,3%
Mississauga Lakeshore,2022-05-12,39%,39%,13%,3%
Mississauga Lakeshore,2022-05-12,40%,40%,12%,3%
Mississauga Lakeshore,2022-05-13,45%,37%,9%,5%
Mississauga Lakeshore,2022-05-13,45%,37%,9%,5%
Mississauga Lakeshore,2022-05-14,44%,38%,8%,6%
Mississauga Lakeshore,2022-05-14,44%,38%,8%,6%
Mississauga Lakeshore,2022-05-15,44%,38%,8%,5%
Mississauga Lakeshore,2022-05-15,44%,37%,8%,6%
Mississauga Lakeshore,2022-05-16,40%,38%,9%,8%
Mississauga Lakeshore,2022-05-16,41%,38%,9%,7%
Mississauga Lakeshore,2022-05-17,41%,38%,9%,7%
Mississauga Lakeshore,2022-05-17,42%,38%,9%,7%
Mississauga Lakeshore,2022-05-18,39%,40%,9%,7%
Mississauga Lakeshore,2022-05-18,42%,38%,9%,7%
Mississauga Lakeshore,2022-05-19,44%,36%,9%,7%
Mississauga Lakeshore,2022-05-19,39%,42%,9%,6%
Mississauga Lakeshore,2022-05-20,39%,43%,9%,6%
Mississauga Lakeshore,2022-05-20,37%,45%,8%,6%
Mississauga Lakeshore,2022-05-21,41%,42%,8%,6%
Mississauga Lakeshore,2022-05-21,41%,41%,8%,6%
Mississauga Lakeshore,2022-05-22,42%,40%,8%,6%
Mississauga Lakeshore,2022-05-22,44%,38%,8%,6%
Mississauga Lakeshore,2022-05-23,45%,38%,8%,6%
Mississauga Lakeshore,2022-05-23,44%,38%,8%,6%
Mississauga Malton,2022-05-01,44%,33%,16%,5%
Mississauga Malton,2022-09-01,38%,34%,18%,4%
Mississauga Malton,2023-01-01,36%,33%,22%,4%
Mississauga Malton,2023-05-01,36%,32%,22%,4%
Mississauga Malton,2023-09-01,37%,32%,22%,4%
Mississauga Malton,2024-01-01,36%,32%,22%,4%
Mississauga Malton,2024-05-01,36%,32%,22%,4%
Mississauga Malton,2024-09-01,36%,33%,22%,4%
Mississauga Malton,2025-01-01,36%,33%,21%,4%
Mississauga Malton,2025-05-01,36%,34%,21%,4%
Mississauga Malton,2022-04-30,37%,33%,21%,4%
Mississauga Malton,2022-04-30,37%,33%,21%,4%
Mississauga Malton,2022-05-03,37%,33%,21%,4%
Mississauga Malton,2022-05-03,39%,34%,22%,4%
Mississauga Malton,2022-05-04,39%,33%,22%,4%
Mississauga Malton,2022-05-04,38%,34%,23%,4%
Mississauga Malton,2022-05-05,38%,34%,21%,4%
Mississauga Malton,2022-05-05,38%,34%,21%,4%
Mississauga Malton,2022-05-06,38%,33%,21%,5%
Mississauga Malton,2022-05-06,37%,33%,22%,5%
Mississauga Malton,2022-05-07,37%,33%,22%,5%
Mississauga Malton,2022-05-07,37%,33%,23%,5%
Mississauga Malton,2022-05-08,38%,33%,22%,5%
Mississauga Malton,2022-05-08,38%,33%,22%,5%
Mississauga Malton,2022-05-09,38%,32%,22%,5%
Mississauga Malton,2022-05-09,38%,32%,22%,5%
Mississauga Malton,2022-05-10,38%,32%,22%,5%
Mississauga Malton,2022-05-10,39%,32%,21%,5%
Mississauga Malton,2022-05-11,39%,32%,21%,5%
Mississauga Malton,2022-05-11,39%,32%,21%,5%
Mississauga Malton,2022-05-12,39%,32%,21%,5%
Mississauga Malton,2022-05-12,40%,32%,21%,5%
Mississauga Malton,2022-05-13,45%,30%,18%,4%
Mississauga Malton,2022-05-13,45%,31%,18%,4%
Mississauga Malton,2022-05-14,45%,31%,17%,4%
Mississauga Malton,2022-05-14,44%,32%,16%,4%
Mississauga Malton,2022-05-15,44%,32%,16%,4%
Mississauga Malton,2022-05-15,45%,31%,17%,4%
Mississauga Malton,2022-05-16,41%,32%,19%,6%
Mississauga Malton,2022-05-16,41%,32%,19%,5%
Mississauga Malton,2022-05-17,42%,32%,18%,5%
Mississauga Malton,2022-05-17,42%,32%,18%,5%
Mississauga Malton,2022-05-18,40%,33%,19%,5%
Mississauga Malton,2022-05-18,42%,31%,18%,5%
Mississauga Malton,2022-05-19,45%,30%,18%,5%
Mississauga Malton,2022-05-19,40%,35%,18%,5%
Mississauga Malton,2022-05-20,40%,36%,18%,5%
Mississauga Malton,2022-05-20,38%,38%,17%,5%
Mississauga Malton,2022-05-21,41%,36%,16%,5%
Mississauga Malton,2022-05-21,42%,34%,17%,5%
Mississauga Malton,2022-05-22,43%,34%,17%,5%
Mississauga Malton,2022-05-22,44%,32%,17%,5%
Mississauga Malton,2022-05-23,46%,32%,16%,5%
Mississauga Malton,2022-05-23,44%,33%,16%,5%
Ajax,2022-05-01,40%,37%,16%,5%
Ajax,2022-09-01,38%,37%,16%,2%
Ajax,2023-01-01,36%,36%,20%,2%
Ajax,2023-05-01,36%,35%,21%,2%
Ajax,2023-09-01,37%,35%,21%,2%
Ajax,2024-01-01,37%,35%,21%,2%
Ajax,2024-05-01,36%,35%,22%,2%
Ajax,2024-09-01,36%,36%,21%,2%
Ajax,2025-01-01,35%,36%,21%,2%
Ajax,2025-05-01,35%,37%,21%,2%
Ajax,2022-04-30,36%,35%,21%,2%
Ajax,2022-04-30,36%,35%,21%,2%
Ajax,2022-05-03,37%,35%,21%,2%
Ajax,2022-05-03,36%,35%,20%,2%
Ajax,2022-05-04,37%,34%,21%,2%
Ajax,2022-05-04,36%,35%,21%,2%
Ajax,2022-05-05,36%,36%,20%,2%
Ajax,2022-05-05,36%,35%,20%,2%
Ajax,2022-05-06,36%,36%,20%,3%
Ajax,2022-05-06,35%,35%,21%,3%
Ajax,2022-05-07,35%,35%,21%,3%
Ajax,2022-05-07,35%,35%,21%,3%
Ajax,2022-05-08,35%,35%,21%,3%
Ajax,2022-05-08,35%,35%,21%,3%
Ajax,2022-05-09,35%,35%,20%,4%
Ajax,2022-05-09,35%,35%,20%,4%
Ajax,2022-05-10,35%,34%,20%,4%
Ajax,2022-05-10,36%,34%,20%,4%
Ajax,2022-05-11,36%,34%,20%,4%
Ajax,2022-05-11,35%,35%,19%,4%
Ajax,2022-05-12,35%,35%,19%,4%
Ajax,2022-05-12,36%,35%,19%,4%
Ajax,2022-05-13,41%,36%,17%,3%
Ajax,2022-05-13,40%,36%,17%,4%
Ajax,2022-05-14,40%,37%,16%,4%
Ajax,2022-05-14,40%,38%,15%,4%
Ajax,2022-05-15,40%,38%,15%,4%
Ajax,2022-05-15,39%,37%,16%,4%
Ajax,2022-05-16,36%,38%,18%,5%
Ajax,2022-05-16,36%,38%,18%,5%
Ajax,2022-05-17,37%,38%,17%,5%
Ajax,2022-05-17,37%,37%,17%,5%
Ajax,2022-05-18,35%,39%,18%,5%
Ajax,2022-05-18,37%,37%,18%,5%
Ajax,2022-05-19,39%,36%,17%,5%
Ajax,2022-05-19,38%,38%,17%,5%
Ajax,2022-05-20,38%,39%,16%,4%
Ajax,2022-05-20,36%,41%,16%,4%
Ajax,2022-05-21,38%,40%,15%,4%
Ajax,2022-05-21,38%,39%,16%,4%
Ajax,2022-05-22,39%,38%,16%,4%
Ajax,2022-05-22,40%,37%,16%,5%
Ajax,2022-05-23,42%,36%,15%,5%
Ajax,2022-05-23,40%,37%,16%,5%
Niagara Centre,2022-05-01,38%,18%,33%,6%
Niagara Centre,2022-09-01,39%,20%,29%,6%
Niagara Centre,2023-01-01,38%,20%,30%,6%
Niagara Centre,2023-05-01,38%,20%,30%,6%
Niagara Centre,2023-09-01,38%,20%,30%,6%
Niagara Centre,2024-01-01,38%,20%,30%,6%
Niagara Centre,2024-05-01,37%,20%,30%,6%
Niagara Centre,2024-09-01,37%,21%,30%,6%
Niagara Centre,2025-01-01,37%,21%,30%,6%
Niagara Centre,2025-05-01,37%,21%,30%,6%
Niagara Centre,2022-04-30,38%,21%,30%,6%
Niagara Centre,2022-04-30,38%,21%,30%,6%
Niagara Centre,2022-05-03,38%,21%,29%,5%
Niagara Centre,2022-05-03,40%,21%,30%,6%
Niagara Centre,2022-05-04,40%,21%,30%,6%
Niagara Centre,2022-05-04,39%,21%,31%,6%
Niagara Centre,2022-05-05,38%,19%,34%,6%
Niagara Centre,2022-05-05,38%,18%,34%,6%
Niagara Centre,2022-05-06,37%,18%,34%,7%
Niagara Centre,2022-05-06,37%,18%,34%,8%
Niagara Centre,2022-05-07,37%,18%,34%,8%
Niagara Centre,2022-05-07,37%,18%,34%,8%
Niagara Centre,2022-05-08,37%,16%,35%,8%
Niagara Centre,2022-05-08,37%,16%,35%,8%
Niagara Centre,2022-05-09,36%,16%,35%,8%
Niagara Centre,2022-05-09,36%,16%,35%,8%
Niagara Centre,2022-05-10,36%,16%,35%,8%
Niagara Centre,2022-05-10,37%,16%,34%,8%
Niagara Centre,2022-05-11,37%,16%,34%,8%
Niagara Centre,2022-05-11,37%,16%,34%,8%
Niagara Centre,2022-05-12,37%,16%,34%,8%
Niagara Centre,2022-05-12,39%,14%,35%,8%
Niagara Centre,2022-05-13,38%,13%,40%,5%
Niagara Centre,2022-05-13,37%,13%,40%,5%
Niagara Centre,2022-05-14,38%,14%,38%,5%
Niagara Centre,2022-05-14,38%,14%,38%,5%
Niagara Centre,2022-05-15,38%,14%,38%,5%
Niagara Centre,2022-05-15,37%,14%,38%,5%
Niagara Centre,2022-05-16,34%,14%,41%,7%
Niagara Centre,2022-05-16,34%,14%,41%,7%
Niagara Centre,2022-05-17,35%,14%,40%,6%
Niagara Centre,2022-05-17,35%,14%,40%,6%
Niagara Centre,2022-05-18,33%,14%,41%,6%
Niagara Centre,2022-05-18,35%,14%,40%,6%
Niagara Centre,2022-05-19,37%,13%,40%,6%
Niagara Centre,2022-05-19,37%,14%,39%,6%
Niagara Centre,2022-05-20,37%,15%,39%,6%
Niagara Centre,2022-05-20,35%,21%,35%,6%
Niagara Centre,2022-05-21,36%,20%,33%,6%
Niagara Centre,2022-05-21,36%,19%,35%,6%
Niagara Centre,2022-05-22,37%,19%,34%,6%
Niagara Centre,2022-05-22,38%,18%,34%,6%
Niagara Centre,2022-05-23,39%,18%,32%,6%
Niagara Centre,2022-05-23,38%,18%,33%,6%
Kitchener South Hespeler,2022-05-01,39%,19%,21%,17%
Kitchener South Hespeler,2022-09-01,38%,25%,22%,9%
Kitchener South Hespeler,2023-01-01,38%,23%,25%,9%
Kitchener South Hespeler,2023-05-01,38%,23%,25%,9%
Kitchener South Hespeler,2023-09-01,38%,23%,25%,9%
Kitchener South Hespeler,2024-01-01,38%,23%,25%,9%
Kitchener South Hespeler,2024-05-01,37%,23%,25%,8%
Kitchener South Hespeler,2024-09-01,37%,23%,25%,9%
Kitchener South Hespeler,2025-01-01,37%,24%,25%,8%
Kitchener South Hespeler,2025-05-01,37%,24%,25%,8%
Kitchener South Hespeler,2022-04-30,38%,23%,25%,8%
Kitchener South Hespeler,2022-04-30,38%,23%,25%,8%
Kitchener South Hespeler,2022-05-03,38%,23%,24%,8%
Kitchener South Hespeler,2022-05-03,39%,24%,25%,9%
Kitchener South Hespeler,2022-05-04,40%,23%,25%,8%
Kitchener South Hespeler,2022-05-04,39%,24%,26%,8%
Kitchener South Hespeler,2022-05-05,39%,25%,24%,9%
Kitchener South Hespeler,2022-05-05,39%,25%,24%,9%
Kitchener South Hespeler,2022-05-06,38%,24%,24%,11%
Kitchener South Hespeler,2022-05-06,37%,23%,25%,12%
Kitchener South Hespeler,2022-05-07,37%,23%,25%,12%
Kitchener South Hespeler,2022-05-07,36%,23%,25%,12%
Kitchener South Hespeler,2022-05-08,37%,23%,25%,12%
Kitchener South Hespeler,2022-05-08,37%,23%,25%,12%
Kitchener South Hespeler,2022-05-09,37%,23%,24%,12%
Kitchener South Hespeler,2022-05-09,37%,23%,24%,12%
Kitchener South Hespeler,2022-05-10,36%,19%,29%,12%
Kitchener South Hespeler,2022-05-10,37%,19%,28%,12%
Kitchener South Hespeler,2022-05-11,37%,19%,28%,12%
Kitchener South Hespeler,2022-05-11,35%,19%,30%,12%
Kitchener South Hespeler,2022-05-12,35%,19%,29%,12%
Kitchener South Hespeler,2022-05-12,38%,18%,29%,11%
Kitchener South Hespeler,2022-05-13,40%,17%,27%,11%
Kitchener South Hespeler,2022-05-13,40%,17%,27%,11%
Kitchener South Hespeler,2022-05-14,39%,17%,25%,13%
Kitchener South Hespeler,2022-05-14,39%,17%,25%,13%
Kitchener South Hespeler,2022-05-15,39%,17%,25%,12%
Kitchener South Hespeler,2022-05-15,39%,17%,25%,12%
Kitchener South Hespeler,2022-05-16,35%,17%,27%,15%
Kitchener South Hespeler,2022-05-16,36%,17%,27%,14%
Kitchener South Hespeler,2022-05-17,37%,17%,27%,13%
Kitchener South Hespeler,2022-05-17,37%,17%,27%,13%
Kitchener South Hespeler,2022-05-18,35%,18%,28%,14%
Kitchener South Hespeler,2022-05-18,37%,17%,27%,13%
Kitchener South Hespeler,2022-05-19,38%,16%,26%,16%
Kitchener South Hespeler,2022-05-19,37%,17%,25%,16%
Kitchener South Hespeler,2022-05-20,37%,18%,25%,16%
Kitchener South Hespeler,2022-05-20,35%,22%,22%,16%
Kitchener South Hespeler,2022-05-21,37%,21%,21%,17%
Kitchener South Hespeler,2022-05-21,37%,20%,22%,16%
Kitchener South Hespeler,2022-05-22,38%,19%,22%,16%
Kitchener South Hespeler,2022-05-22,39%,18%,22%,17%
Kitchener South Hespeler,2022-05-23,40%,18%,20%,17%
Kitchener South Hespeler,2022-05-23,39%,19%,21%,17%
Hamilton West Ancaster Dundas,2022-05-01,33%,23%,34%,7%
Hamilton West Ancaster Dundas,2022-09-01,31%,33%,26%,5%
Hamilton West Ancaster Dundas,2023-01-01,29%,32%,28%,5%
Hamilton West Ancaster Dundas,2023-05-01,29%,30%,30%,5%
Hamilton West Ancaster Dundas,2023-09-01,29%,30%,30%,5%
Hamilton West Ancaster Dundas,2024-01-01,29%,30%,30%,5%
Hamilton West Ancaster Dundas,2024-05-01,29%,30%,31%,5%
Hamilton West Ancaster Dundas,2024-09-01,29%,30%,31%,5%
Hamilton West Ancaster Dundas,2025-01-01,29%,30%,30%,5%
Hamilton West Ancaster Dundas,2025-05-01,29%,31%,30%,5%
Hamilton West Ancaster Dundas,2022-04-30,30%,29%,30%,5%
Hamilton West Ancaster Dundas,2022-04-30,30%,30%,30%,5%
Hamilton West Ancaster Dundas,2022-05-03,30%,30%,30%,5%
Hamilton West Ancaster Dundas,2022-05-03,31%,30%,31%,5%
Hamilton West Ancaster Dundas,2022-05-04,31%,30%,31%,5%
Hamilton West Ancaster Dundas,2022-05-04,30%,31%,31%,5%
Hamilton West Ancaster Dundas,2022-05-05,31%,31%,30%,5%
Hamilton West Ancaster Dundas,2022-05-05,31%,31%,30%,5%
Hamilton West Ancaster Dundas,2022-05-06,30%,30%,29%,7%
Hamilton West Ancaster Dundas,2022-05-06,30%,30%,30%,7%
Hamilton West Ancaster Dundas,2022-05-07,30%,30%,30%,7%
Hamilton West Ancaster Dundas,2022-05-07,30%,30%,30%,7%
Hamilton West Ancaster Dundas,2022-05-08,30%,29%,30%,7%
Hamilton West Ancaster Dundas,2022-05-08,30%,29%,30%,7%
Hamilton West Ancaster Dundas,2022-05-09,30%,26%,33%,7%
Hamilton West Ancaster Dundas,2022-05-09,30%,26%,33%,7%
Hamilton West Ancaster Dundas,2022-05-10,30%,26%,32%,7%
Hamilton West Ancaster Dundas,2022-05-10,31%,26%,32%,7%
Hamilton West Ancaster Dundas,2022-05-11,31%,26%,32%,7%
Hamilton West Ancaster Dundas,2022-05-11,31%,26%,32%,7%
Hamilton West Ancaster Dundas,2022-05-12,31%,26%,32%,7%
Hamilton West Ancaster Dundas,2022-05-12,32%,25%,31%,7%
Hamilton West Ancaster Dundas,2022-05-13,33%,18%,41%,5%
Hamilton West Ancaster Dundas,2022-05-13,32%,18%,41%,5%
Hamilton West Ancaster Dundas,2022-05-14,33%,19%,38%,6%
Hamilton West Ancaster Dundas,2022-05-14,33%,20%,38%,6%
Hamilton West Ancaster Dundas,2022-05-15,33%,20%,38%,6%
Hamilton West Ancaster Dundas,2022-05-15,33%,19%,39%,6%
Hamilton West Ancaster Dundas,2022-05-16,29%,19%,41%,8%
Hamilton West Ancaster Dundas,2022-05-16,29%,19%,41%,8%
Hamilton West Ancaster Dundas,2022-05-17,30%,19%,41%,7%
Hamilton West Ancaster Dundas,2022-05-17,30%,19%,40%,7%
Hamilton West Ancaster Dundas,2022-05-18,28%,20%,42%,7%
Hamilton West Ancaster Dundas,2022-05-18,30%,19%,41%,7%
Hamilton West Ancaster Dundas,2022-05-19,32%,18%,40%,7%
Hamilton West Ancaster Dundas,2022-05-19,31%,20%,40%,7%
Hamilton West Ancaster Dundas,2022-05-20,31%,20%,39%,7%
Hamilton West Ancaster Dundas,2022-05-20,29%,26%,35%,7%
Hamilton West Ancaster Dundas,2022-05-21,31%,26%,34%,7%
Hamilton West Ancaster Dundas,2022-05-21,31%,24%,35%,7%
Hamilton West Ancaster Dundas,2022-05-22,32%,24%,35%,7%
Hamilton West Ancaster Dundas,2022-05-22,32%,23%,35%,7%
Hamilton West Ancaster Dundas,2022-05-23,34%,23%,33%,7%
Hamilton West Ancaster Dundas,2022-05-23,33%,23%,34%,7%
Toronto Centre,2022-05-01,13%,40%,39%,7%
Toronto Centre,2022-09-01,13%,39%,39%,4%
Toronto Centre,2023-01-01,13%,39%,39%,4%
Toronto Centre,2023-05-01,13%,39%,38%,4%
Toronto Centre,2023-09-01,13%,40%,38%,4%
Toronto Centre,2024-01-01,13%,39%,38%,4%
Toronto Centre,2024-05-01,13%,39%,38%,4%
Toronto Centre,2024-09-01,13%,39%,38%,4%
Toronto Centre,2025-01-01,13%,40%,38%,4%
Toronto Centre,2025-05-01,13%,39%,39%,4%
Toronto Centre,2022-04-30,14%,38%,39%,4%
Toronto Centre,2022-04-30,14%,38%,39%,4%
Toronto Centre,2022-05-03,14%,38%,39%,4%
Toronto Centre,2022-05-03,14%,38%,39%,4%
Toronto Centre,2022-05-04,14%,38%,39%,4%
Toronto Centre,2022-05-04,14%,38%,39%,4%
Toronto Centre,2022-05-05,14%,40%,37%,4%
Toronto Centre,2022-05-05,14%,40%,36%,4%
Toronto Centre,2022-05-06,14%,39%,36%,6%
Toronto Centre,2022-05-06,13%,39%,36%,6%
Toronto Centre,2022-05-07,13%,38%,36%,6%
Toronto Centre,2022-05-07,13%,38%,37%,6%
Toronto Centre,2022-05-08,14%,38%,36%,6%
Toronto Centre,2022-05-08,14%,39%,36%,6%
Toronto Centre,2022-05-09,14%,38%,36%,6%
Toronto Centre,2022-05-09,14%,38%,36%,6%
Toronto Centre,2022-05-10,14%,36%,38%,6%
Toronto Centre,2022-05-10,15%,36%,37%,6%
Toronto Centre,2022-05-11,15%,36%,37%,6%
Toronto Centre,2022-05-11,15%,37%,37%,6%
Toronto Centre,2022-05-12,15%,36%,37%,6%
Toronto Centre,2022-05-12,15%,36%,37%,6%
Toronto Centre,2022-05-13,12%,37%,44%,5%
Toronto Centre,2022-05-13,12%,36%,44%,5%
Toronto Centre,2022-05-14,12%,38%,41%,6%
Toronto Centre,2022-05-14,12%,39%,41%,6%
Toronto Centre,2022-05-15,12%,39%,41%,6%
Toronto Centre,2022-05-15,12%,38%,42%,6%
Toronto Centre,2022-05-16,10%,37%,44%,8%
Toronto Centre,2022-05-16,10%,37%,43%,7%
Toronto Centre,2022-05-17,10%,37%,43%,7%
Toronto Centre,2022-05-17,11%,37%,43%,7%
Toronto Centre,2022-05-18,10%,38%,43%,7%
Toronto Centre,2022-05-18,10%,37%,44%,7%
Toronto Centre,2022-05-19,11%,36%,44%,7%
Toronto Centre,2022-05-19,11%,38%,42%,6%
Toronto Centre,2022-05-20,11%,39%,42%,6%
Toronto Centre,2022-05-20,10%,44%,39%,6%
Toronto Centre,2022-05-21,12%,43%,37%,7%
Toronto Centre,2022-05-21,12%,41%,39%,6%
Toronto Centre,2022-05-22,12%,40%,39%,7%
Toronto Centre,2022-05-22,12%,39%,40%,7%
Toronto Centre,2022-05-23,13%,39%,38%,7%
Toronto Centre,2022-05-23,13%,40%,39%,7%
Waterloo,2022-05-01,30%,17%,39%,10%
Waterloo,2022-09-01,33%,21%,33%,7%
Waterloo,2023-01-01,32%,19%,35%,7%
Waterloo,2023-05-01,33%,19%,35%,7%
Waterloo,2023-09-01,33%,19%,34%,7%
Waterloo,2024-01-01,32%,20%,34%,7%
Waterloo,2024-05-01,32%,20%,35%,7%
Waterloo,2024-09-01,32%,20%,35%,7%
Waterloo,2025-01-01,32%,21%,34%,7%
Waterloo,2025-05-01,32%,21%,34%,7%
Waterloo,2022-04-30,33%,20%,34%,7%
Waterloo,2022-04-30,33%,20%,34%,7%
Waterloo,2022-05-03,33%,20%,34%,7%
Waterloo,2022-05-03,33%,20%,33%,7%
Waterloo,2022-05-04,33%,19%,34%,7%
Waterloo,2022-05-04,32%,20%,34%,7%
Waterloo,2022-05-05,33%,19%,34%,7%
Waterloo,2022-05-05,33%,19%,34%,7%
Waterloo,2022-05-06,32%,18%,33%,9%
Waterloo,2022-05-06,31%,18%,34%,10%
Waterloo,2022-05-07,31%,18%,34%,10%
Waterloo,2022-05-07,31%,18%,34%,10%
Waterloo,2022-05-08,32%,18%,34%,10%
Waterloo,2022-05-08,32%,18%,34%,10%
Waterloo,2022-05-09,31%,18%,33%,10%
Waterloo,2022-05-09,31%,18%,33%,10%
Waterloo,2022-05-10,31%,17%,34%,10%
Waterloo,2022-05-10,32%,17%,33%,10%
Waterloo,2022-05-11,32%,17%,33%,10%
Waterloo,2022-05-11,32%,15%,36%,8%
Waterloo,2022-05-12,33%,15%,36%,8%
Waterloo,2022-05-12,33%,15%,36%,8%
Waterloo,2022-05-13,29%,14%,46%,7%
Waterloo,2022-05-13,29%,14%,46%,7%
Waterloo,2022-05-14,29%,15%,44%,8%
Waterloo,2022-05-14,29%,15%,43%,8%
Waterloo,2022-05-15,29%,15%,43%,8%
Waterloo,2022-05-15,29%,14%,44%,8%
Waterloo,2022-05-16,25%,14%,46%,10%
Waterloo,2022-05-16,26%,14%,46%,10%
Waterloo,2022-05-17,27%,14%,46%,9%
Waterloo,2022-05-17,27%,14%,45%,9%
Waterloo,2022-05-18,25%,15%,47%,9%
Waterloo,2022-05-18,26%,14%,46%,9%
Waterloo,2022-05-19,28%,14%,45%,9%
Waterloo,2022-05-19,28%,15%,45%,9%
Waterloo,2022-05-20,28%,15%,45%,9%
Waterloo,2022-05-20,27%,19%,41%,9%
Waterloo,2022-05-21,28%,19%,39%,10%
Waterloo,2022-05-21,29%,18%,41%,9%
Waterloo,2022-05-22,29%,18%,40%,10%
Waterloo,2022-05-22,30%,17%,40%,10%
Waterloo,2022-05-23,31%,17%,38%,10%
Waterloo,2022-05-23,30%,17%,39%,10%
Ottawa West Nepean,2022-05-01,35%,24%,34%,5%
Ottawa West Nepean,2022-09-01,31%,40%,21%,2%
Ottawa West Nepean,2023-01-01,30%,40%,22%,2%
Ottawa West Nepean,2023-05-01,31%,37%,25%,2%
Ottawa West Nepean,2023-09-01,31%,37%,24%,2%
Ottawa West Nepean,2024-01-01,31%,37%,24%,2%
Ottawa West Nepean,2024-05-01,31%,37%,25%,2%
Ottawa West Nepean,2024-09-01,30%,38%,25%,2%
Ottawa West Nepean,2025-01-01,30%,38%,24%,2%
Ottawa West Nepean,2025-05-01,30%,34%,28%,3%
Ottawa West Nepean,2022-04-30,31%,33%,28%,3%
Ottawa West Nepean,2022-04-30,32%,33%,28%,3%
Ottawa West Nepean,2022-05-03,32%,33%,28%,3%
Ottawa West Nepean,2022-05-03,32%,33%,28%,3%
Ottawa West Nepean,2022-05-04,33%,33%,28%,3%
Ottawa West Nepean,2022-05-04,32%,34%,28%,3%
Ottawa West Nepean,2022-05-05,32%,35%,27%,3%
Ottawa West Nepean,2022-05-05,32%,34%,27%,3%
Ottawa West Nepean,2022-05-06,32%,34%,27%,4%
Ottawa West Nepean,2022-05-06,32%,33%,28%,4%
Ottawa West Nepean,2022-05-07,32%,33%,28%,4%
Ottawa West Nepean,2022-05-07,31%,33%,28%,4%
Ottawa West Nepean,2022-05-08,32%,33%,27%,4%
Ottawa West Nepean,2022-05-08,32%,33%,27%,4%
Ottawa West Nepean,2022-05-09,32%,33%,27%,4%
Ottawa West Nepean,2022-05-09,32%,33%,27%,4%
Ottawa West Nepean,2022-05-10,32%,33%,27%,4%
Ottawa West Nepean,2022-05-10,33%,33%,26%,4%
Ottawa West Nepean,2022-05-11,33%,33%,26%,4%
Ottawa West Nepean,2022-05-11,33%,33%,26%,4%
Ottawa West Nepean,2022-05-12,33%,33%,26%,4%
Ottawa West Nepean,2022-05-12,33%,33%,25%,4%
Ottawa West Nepean,2022-05-13,35%,23%,37%,4%
Ottawa West Nepean,2022-05-13,34%,23%,37%,4%
Ottawa West Nepean,2022-05-14,35%,24%,35%,5%
Ottawa West Nepean,2022-05-14,35%,24%,35%,4%
Ottawa West Nepean,2022-05-15,35%,24%,35%,4%
Ottawa West Nepean,2022-05-15,35%,24%,36%,4%
Ottawa West Nepean,2022-05-16,31%,23%,38%,6%
Ottawa West Nepean,2022-05-16,31%,24%,38%,6%
Ottawa West Nepean,2022-05-17,32%,23%,37%,5%
Ottawa West Nepean,2022-05-17,33%,24%,37%,5%
Ottawa West Nepean,2022-05-18,30%,24%,38%,5%
Ottawa West Nepean,2022-05-18,32%,23%,38%,5%
Ottawa West Nepean,2022-05-19,34%,23%,37%,5%
Ottawa West Nepean,2022-05-19,33%,24%,36%,5%
Ottawa West Nepean,2022-05-20,33%,25%,36%,5%
Ottawa West Nepean,2022-05-20,31%,28%,35%,5%
Ottawa West Nepean,2022-05-21,33%,27%,34%,5%
Ottawa West Nepean,2022-05-21,33%,25%,35%,5%
Ottawa West Nepean,2022-05-22,34%,25%,35%,5%
Ottawa West Nepean,2022-05-22,35%,24%,35%,5%
Ottawa West Nepean,2022-05-23,36%,24%,33%,5%
Ottawa West Nepean,2022-05-23,35%,24%,34%,5%
Ottawa Centre,2022-05-01,16%,24%,51%,7%
Ottawa Centre,2022-09-01,16%,48%,28%,3%
Ottawa Centre,2023-01-01,15%,44%,33%,2%
Ottawa Centre,2023-05-01,15%,41%,36%,2%
Ottawa Centre,2023-09-01,15%,41%,36%,2%
Ottawa Centre,2024-01-01,15%,40%,37%,2%
Ottawa Centre,2024-05-01,15%,40%,37%,2%
Ottawa Centre,2024-09-01,15%,40%,37%,2%
Ottawa Centre,2025-01-01,15%,41%,37%,2%
Ottawa Centre,2025-05-01,13%,41%,39%,2%
Ottawa Centre,2022-04-30,13%,40%,39%,2%
Ottawa Centre,2022-04-30,13%,40%,39%,2%
Ottawa Centre,2022-05-03,14%,40%,39%,2%
Ottawa Centre,2022-05-03,14%,40%,39%,2%
Ottawa Centre,2022-05-04,14%,40%,39%,2%
Ottawa Centre,2022-05-04,13%,40%,39%,2%
Ottawa Centre,2022-05-05,13%,41%,38%,3%
Ottawa Centre,2022-05-05,13%,41%,38%,3%
Ottawa Centre,2022-05-06,13%,40%,38%,3%
Ottawa Centre,2022-05-06,13%,40%,38%,4%
Ottawa Centre,2022-05-07,13%,40%,38%,4%
Ottawa Centre,2022-05-07,13%,40%,38%,4%
Ottawa Centre,2022-05-08,14%,39%,39%,4%
Ottawa Centre,2022-05-08,14%,39%,38%,4%
Ottawa Centre,2022-05-09,14%,39%,38%,4%
Ottawa Centre,2022-05-09,14%,39%,38%,4%
Ottawa Centre,2022-05-10,14%,35%,40%,4%
Ottawa Centre,2022-05-10,15%,36%,39%,4%
Ottawa Centre,2022-05-11,15%,36%,39%,4%
Ottawa Centre,2022-05-11,15%,36%,39%,4%
Ottawa Centre,2022-05-12,15%,36%,39%,4%
Ottawa Centre,2022-05-12,16%,36%,38%,4%
Ottawa Centre,2022-05-13,16%,22%,54%,5%
Ottawa Centre,2022-05-13,15%,22%,55%,5%
Ottawa Centre,2022-05-14,16%,24%,52%,6%
Ottawa Centre,2022-05-14,16%,24%,52%,6%
Ottawa Centre,2022-05-15,16%,24%,52%,5%
Ottawa Centre,2022-05-15,16%,23%,53%,5%
Ottawa Centre,2022-05-16,13%,23%,54%,7%
Ottawa Centre,2022-05-16,13%,23%,54%,7%
Ottawa Centre,2022-05-17,14%,23%,54%,7%
Ottawa Centre,2022-05-17,14%,23%,54%,7%
Ottawa Centre,2022-05-18,13%,24%,54%,6%
Ottawa Centre,2022-05-18,14%,23%,54%,6%
Ottawa Centre,2022-05-19,15%,22%,54%,6%
Ottawa Centre,2022-05-19,14%,24%,53%,6%
Ottawa Centre,2022-05-20,14%,25%,52%,6%
Ottawa Centre,2022-05-20,14%,27%,51%,6%
Ottawa Centre,2022-05-21,15%,26%,50%,7%
Ottawa Centre,2022-05-21,15%,25%,51%,6%
Ottawa Centre,2022-05-22,15%,25%,51%,6%
Ottawa Centre,2022-05-22,16%,24%,51%,7%
Ottawa Centre,2022-05-23,17%,24%,50%,7%
Ottawa Centre,2022-05-23,16%,24%,51%,7%
Scarborough Southwest,2022-05-01,28%,21%,43%,5%
Scarborough Southwest,2022-09-01,29%,29%,33%,4%
Scarborough Southwest,2023-01-01,28%,29%,34%,4%
Scarborough Southwest,2023-05-01,29%,29%,33%,4%
Scarborough Southwest,2023-09-01,29%,29%,33%,4%
Scarborough Southwest,2024-01-01,29%,29%,33%,4%
Scarborough Southwest,2024-05-01,29%,29%,33%,4%
Scarborough Southwest,2024-09-01,29%,29%,33%,4%
Scarborough Southwest,2025-01-01,29%,30%,33%,4%
Scarborough Southwest,2025-05-01,28%,31%,32%,3%
Scarborough Southwest,2022-04-30,29%,29%,33%,4%
Scarborough Southwest,2022-04-30,29%,29%,32%,4%
Scarborough Southwest,2022-05-03,30%,29%,32%,4%
Scarborough Southwest,2022-05-03,29%,29%,32%,3%
Scarborough Southwest,2022-05-04,30%,29%,32%,3%
Scarborough Southwest,2022-05-04,29%,30%,32%,3%
Scarborough Southwest,2022-05-05,29%,31%,30%,4%
Scarborough Southwest,2022-05-05,29%,31%,30%,4%
Scarborough Southwest,2022-05-06,29%,30%,29%,5%
Scarborough Southwest,2022-05-06,28%,30%,31%,5%
Scarborough Southwest,2022-05-07,28%,30%,31%,5%
Scarborough Southwest,2022-05-07,28%,30%,31%,5%
Scarborough Southwest,2022-05-08,29%,30%,30%,5%
Scarborough Southwest,2022-05-08,28%,30%,30%,5%
Scarborough Southwest,2022-05-09,28%,30%,30%,5%
Scarborough Southwest,2022-05-09,28%,29%,30%,5%
Scarborough Southwest,2022-05-10,29%,29%,30%,5%
Scarborough Southwest,2022-05-10,29%,29%,29%,5%
Scarborough Southwest,2022-05-11,29%,29%,29%,5%
Scarborough Southwest,2022-05-11,29%,29%,29%,5%
Scarborough Southwest,2022-05-12,30%,29%,29%,5%
Scarborough Southwest,2022-05-12,31%,27%,31%,5%
Scarborough Southwest,2022-05-13,28%,19%,47%,4%
Scarborough Southwest,2022-05-13,28%,19%,48%,4%
Scarborough Southwest,2022-05-14,28%,20%,45%,4%
Scarborough Southwest,2022-05-14,28%,20%,45%,4%
Scarborough Southwest,2022-05-15,28%,20%,45%,4%
Scarborough Southwest,2022-05-15,28%,20%,46%,4%
Scarborough Southwest,2022-05-16,25%,19%,48%,5%
Scarborough Southwest,2022-05-16,25%,19%,48%,5%
Scarborough Southwest,2022-05-17,26%,19%,47%,5%
Scarborough Southwest,2022-05-17,26%,20%,47%,5%
Scarborough Southwest,2022-05-18,24%,20%,48%,5%
Scarborough Southwest,2022-05-18,25%,19%,48%,5%
Scarborough Southwest,2022-05-19,27%,19%,47%,5%
Scarborough Southwest,2022-05-19,27%,20%,46%,5%
Scarborough Southwest,2022-05-20,27%,21%,46%,5%
Scarborough Southwest,2022-05-20,25%,24%,44%,5%
Scarborough Southwest,2022-05-21,26%,24%,43%,5%
Scarborough Southwest,2022-05-21,26%,22%,44%,5%
Scarborough Southwest,2022-05-22,27%,22%,44%,5%
Scarborough Southwest,2022-05-22,28%,21%,44%,5%
Scarborough Southwest,2022-05-23,29%,21%,42%,5%
Scarborough Southwest,2022-05-23,28%,21%,43%,5%
